store_id,project_id,stat_month,sales_count,sales_amount
S001,P001,2024-01,42,13136.58
S001,P001,2024-02,32,9918.54
S001,P001,2024-03,41,12778.44
S001,P001,2024-04,35,10383.75
S001,P001,2024-05,34,9797.32
S001,P001,2024-06,30,8808.9
S001,P001,2024-07,31,9108.99
S001,P001,2024-08,29,8813.25
S001,P001,2024-09,17,5021.02
S001,P001,2024-10,34,9790.16
S001,P001,2024-11,35,10889.47
S001,P001,2024-12,27,8137.25
S001,P002,2024-01,26,34533.53
S001,P002,2024-02,26,31703.75
S001,P002,2024-03,22,28104.72
S001,P002,2024-04,30,38761.46
S001,P002,2024-05,26,34375.46
S001,P002,2024-06,17,21691.88
S001,P002,2024-07,15,18266.25
S001,P002,2024-08,25,33001.28
S001,P002,2024-09,18,23991.93
S001,P002,2024-10,17,22727.81
S001,P002,2024-11,16,19949.74
S001,P002,2024-12,16,21409.9
S001,P003,2024-01,29,50562.69
S001,P003,2024-02,18,29811.08
S001,P003,2024-03,26,43671.99
S001,P003,2024-04,19,31984.36
S001,P003,2024-05,19,33413.77
S001,P003,2024-06,25,41594.63
S001,P003,2024-07,26,43332.9
S001,P003,2024-08,22,37714.28
S001,P003,2024-09,14,23795.8
S001,P003,2024-10,12,20341.27
S001,P003,2024-11,20,32225.77
S001,P003,2024-12,22,37011.71
S001,P004,2024-01,10,86222.04
S001,P004,2024-02,5,45977.89
S001,P004,2024-03,6,54606.24
S001,P004,2024-04,5,43820.2
S001,P004,2024-05,5,43328.62
S001,P004,2024-06,8,68570.63
S001,P004,2024-07,6,52589.43
S001,P004,2024-08,7,59375.18
S001,P004,2024-09,5,44864.61
S001,P004,2024-10,12,105325.03
S001,P004,2024-11,5,44448.52
S001,P004,2024-12,5,42543.31
S001,P005,2024-01,44,24325.17
S001,P005,2024-02,41,23686.73
S001,P005,2024-03,39,21780.23
S001,P005,2024-04,48,26557.44
S001,P005,2024-05,40,23635.66
S001,P005,2024-06,40,24176.42
S001,P005,2024-07,39,23453.1
S001,P005,2024-08,28,15727.66
S001,P005,2024-09,37,22369.99
S001,P005,2024-10,34,19461.5
S001,P005,2024-11,38,21075.4
S001,P005,2024-12,29,17178.85
S001,P006,2024-01,19,52191.05
S001,P006,2024-02,7,18661.35
S001,P006,2024-03,21,54056.2
S001,P006,2024-04,17,43373.44
S001,P006,2024-05,12,30838.88
S001,P006,2024-06,12,33415.94
S001,P006,2024-07,6,15847.01
S001,P006,2024-08,5,12846.47
S001,P006,2024-09,5,13477.37
S001,P006,2024-10,13,33542.49
S001,P006,2024-11,8,22296.84
S001,P006,2024-12,15,39621.51
S001,P007,2024-01,46,12862.66
S001,P007,2024-02,43,11123.95
S001,P007,2024-03,46,12760.49
S001,P007,2024-04,56,14517.8
S001,P007,2024-05,42,10751.32
S001,P007,2024-06,43,12079.89
S001,P007,2024-07,35,9451.29
S001,P007,2024-08,40,11059.9
S001,P007,2024-09,33,9041.13
S001,P007,2024-10,30,8085.64
S001,P007,2024-11,33,9143.44
S001,P007,2024-12,41,10794.26
S001,P008,2024-01,29,11517.83
S001,P008,2024-02,32,12553.35
S001,P008,2024-03,37,14364.76
S001,P008,2024-04,42,16349.11
S001,P008,2024-05,33,12745.44
S001,P008,2024-06,35,14245.37
S001,P008,2024-07,25,9300.23
S001,P008,2024-08,30,11942.91
S001,P008,2024-09,26,10195.04
S001,P008,2024-10,35,14163.3
S001,P008,2024-11,36,13840.22
S001,P008,2024-12,39,15795.3
S001,P009,2024-01,14,7269.32
S001,P009,2024-02,26,13390.6
S001,P009,2024-03,22,11230.45
S001,P009,2024-04,16,7700.49
S001,P009,2024-05,22,11102.55
S001,P009,2024-06,17,8785.34
S001,P009,2024-07,16,7929.71
S001,P009,2024-08,22,10915.11
S001,P009,2024-09,13,6434.34
S001,P009,2024-10,8,4143.19
S001,P009,2024-11,22,10481.19
S001,P009,2024-12,16,7662.74
S001,P010,2024-01,8,31100.87
S001,P010,2024-02,5,19558.65
S001,P010,2024-03,5,19458.78
S001,P010,2024-04,14,51346.91
S001,P010,2024-05,5,19529.29
S001,P010,2024-06,5,19132.79
S001,P010,2024-07,9,35070.85
S001,P010,2024-08,11,40172.44
S001,P010,2024-09,5,19197.52
S001,P010,2024-10,6,22001.81
S001,P010,2024-11,10,39033.15
S001,P010,2024-12,5,19368.5
S002,P001,2024-01,28,8616.68
S002,P001,2024-02,35,10516.98
S002,P001,2024-03,42,12250.57
S002,P001,2024-04,36,10820.51
S002,P001,2024-05,33,9594.07
S002,P001,2024-06,31,9637.19
S002,P001,2024-07,22,6746.18
S002,P001,2024-08,33,9492.31
S002,P001,2024-09,25,7128.85
S002,P001,2024-10,29,9017.38
S002,P001,2024-11,28,8029.27
S002,P001,2024-12,30,9242.97
S002,P002,2024-01,25,31462.87
S002,P002,2024-02,22,28417.03
S002,P002,2024-03,29,38026.65
S002,P002,2024-04,29,35281.19
S002,P002,2024-05,33,41878.87
S002,P002,2024-06,19,23946.31
S002,P002,2024-07,15,20003.43
S002,P002,2024-08,22,28026.07
S002,P002,2024-09,19,24508.8
S002,P002,2024-10,15,19996.5
S002,P002,2024-11,27,33791.34
S002,P002,2024-12,16,20814.92
S002,P003,2024-01,16,26769.76
S002,P003,2024-02,21,33817.11
S002,P003,2024-03,16,26341.31
S002,P003,2024-04,29,49937.81
S002,P003,2024-05,17,28129.85
S002,P003,2024-06,12,19225.68
S002,P003,2024-07,17,28809.77
S002,P003,2024-08,11,18393.68
S002,P003,2024-09,19,31859.63
S002,P003,2024-10,10,16220.8
S002,P003,2024-11,21,33782.38
S002,P003,2024-12,22,36112.67
S002,P004,2024-01,9,81581.94
S002,P004,2024-02,14,125860.78
S002,P004,2024-03,5,44227.58
S002,P004,2024-04,5,44756.33
S002,P004,2024-05,5,43292.79
S002,P004,2024-06,5,44672.08
S002,P004,2024-07,5,45343.39
S002,P004,2024-08,11,100243.14
S002,P004,2024-09,5,45955.4
S002,P004,2024-10,9,77561.73
S002,P004,2024-11,5,44586.26
S002,P004,2024-12,5,41916.74
S002,P005,2024-01,33,19413.56
S002,P005,2024-02,35,20944.41
S002,P005,2024-03,45,26948.53
S002,P005,2024-04,41,23228.46
S002,P005,2024-05,36,21451.77
S002,P005,2024-06,34,19314.69
S002,P005,2024-07,27,16098.1
S002,P005,2024-08,37,21433.03
S002,P005,2024-09,37,20777.8
S002,P005,2024-10,22,12464.83
S002,P005,2024-11,37,21250.87
S002,P005,2024-12,31,18582.2
S002,P006,2024-01,15,41810.3
S002,P006,2024-02,10,25509.29
S002,P006,2024-03,10,27644.35
S002,P006,2024-04,7,18861.64
S002,P006,2024-05,14,38346.2
S002,P006,2024-06,10,25826.85
S002,P006,2024-07,7,19195.58
S002,P006,2024-08,14,38139.22
S002,P006,2024-09,13,36017.96
S002,P006,2024-10,15,40276.05
S002,P006,2024-11,13,36437.86
S002,P006,2024-12,7,18953.51
S002,P007,2024-01,39,10804.31
S002,P007,2024-02,42,11502.56
S002,P007,2024-03,43,12041.78
S002,P007,2024-04,47,13146.23
S002,P007,2024-05,35,9164.18
S002,P007,2024-06,34,9198.64
S002,P007,2024-07,45,12609.01
S002,P007,2024-08,35,9634.12
S002,P007,2024-09,33,8712.7
S002,P007,2024-10,37,10102.82
S002,P007,2024-11,34,8725.59
S002,P007,2024-12,40,10928.71
S002,P008,2024-01,27,10060.2
S002,P008,2024-02,39,15763.48
S002,P008,2024-03,39,15420.36
S002,P008,2024-04,41,15974.66
S002,P008,2024-05,32,12588.52
S002,P008,2024-06,27,10677.43
S002,P008,2024-07,27,10898.56
S002,P008,2024-08,28,11393.8
S002,P008,2024-09,32,11850.04
S002,P008,2024-10,19,7136.52
S002,P008,2024-11,30,11422.16
S002,P008,2024-12,28,10643.84
S002,P009,2024-01,14,6917.45
S002,P009,2024-02,28,14448.83
S002,P009,2024-03,14,6987.64
S002,P009,2024-04,26,13072.65
S002,P009,2024-05,24,11929.37
S002,P009,2024-06,19,9310.49
S002,P009,2024-07,19,9530.53
S002,P009,2024-08,9,4612.3
S002,P009,2024-09,7,3493.03
S002,P009,2024-10,18,8724.62
S002,P009,2024-11,16,8358.7
S002,P009,2024-12,20,9988.82
S002,P010,2024-01,5,18183.06
S002,P010,2024-02,13,50719.91
S002,P010,2024-03,5,18961.58
S002,P010,2024-04,12,47807.42
S002,P010,2024-05,8,29902.57
S002,P010,2024-06,5,18503.68
S002,P010,2024-07,13,48397.19
S002,P010,2024-08,5,18493.85
S002,P010,2024-09,5,19779.64
S002,P010,2024-10,12,45072.53
S002,P010,2024-11,10,39734.38
S002,P010,2024-12,5,18219.88
S003,P001,2024-01,37,11137.14
S003,P001,2024-02,27,7778.1
S003,P001,2024-03,35,10327.35
S003,P001,2024-04,29,8735.11
S003,P001,2024-05,32,9103.97
S003,P001,2024-06,29,8371.02
S003,P001,2024-07,21,6446.22
S003,P001,2024-08,21,6498.17
S003,P001,2024-09,24,7169.9
S003,P001,2024-10,17,5196.82
S003,P001,2024-11,25,7746.09
S003,P001,2024-12,32,9272.63
S003,P002,2024-01,25,33263.75
S003,P002,2024-02,29,38521.13
S003,P002,2024-03,30,38310.44
S003,P002,2024-04,20,26527.05
S003,P002,2024-05,22,29375.36
S003,P002,2024-06,14,17755.95
S003,P002,2024-07,20,26101.03
S003,P002,2024-08,13,15942.86
S003,P002,2024-09,22,29270.86
S003,P002,2024-10,13,16631.92
S003,P002,2024-11,24,31968.81
S003,P002,2024-12,22,28661.29
S003,P003,2024-01,25,42982.42
S003,P003,2024-02,29,49491.98
S003,P003,2024-03,24,38950.73
S003,P003,2024-04,26,44542.56
S003,P003,2024-05,26,44549.19
S003,P003,2024-06,16,27903.78
S003,P003,2024-07,10,17436.84
S003,P003,2024-08,24,39655.2
S003,P003,2024-09,21,33519.95
S003,P003,2024-10,19,31943.84
S003,P003,2024-11,22,35422.83
S003,P003,2024-12,18,30638.6
S003,P004,2024-01,8,66943.87
S003,P004,2024-02,13,109903.86
S003,P004,2024-03,7,61182.6
S003,P004,2024-04,9,80250.37
S003,P004,2024-05,9,81487.35
S003,P004,2024-06,5,42098.48
S003,P004,2024-07,5,45192.33
S003,P004,2024-08,5,43321.89
S003,P004,2024-09,6,54660.75
S003,P004,2024-10,11,101338.74
S003,P004,2024-11,5,44415.34
S003,P004,2024-12,9,75415.22
S003,P005,2024-01,42,25136.56
S003,P005,2024-02,37,21343.91
S003,P005,2024-03,44,26653.86
S003,P005,2024-04,41,22980.1
S003,P005,2024-05,39,22163.92
S003,P005,2024-06,38,22437.82
S003,P005,2024-07,32,19243.11
S003,P005,2024-08,26,14977.96
S003,P005,2024-09,34,20424.71
S003,P005,2024-10,24,13605.71
S003,P005,2024-11,25,14240.08
S003,P005,2024-12,28,15774.08
S003,P006,2024-01,11,30113.6
S003,P006,2024-02,16,42765.12
S003,P006,2024-03,18,46810.65
S003,P006,2024-04,12,33031.28
S003,P006,2024-05,6,15304.72
S003,P006,2024-06,13,33211.32
S003,P006,2024-07,5,12978.51
S003,P006,2024-08,14,36084.14
S003,P006,2024-09,12,31348.09
S003,P006,2024-10,16,42843.96
S003,P006,2024-11,6,15800.09
S003,P006,2024-12,10,26291.77
S003,P007,2024-01,40,10682.05
S003,P007,2024-02,38,10163.57
S003,P007,2024-03,52,14154.77
S003,P007,2024-04,46,12673.0
S003,P007,2024-05,41,11261.78
S003,P007,2024-06,43,12084.83
S003,P007,2024-07,43,11503.67
S003,P007,2024-08,24,6470.37
S003,P007,2024-09,34,8722.39
S003,P007,2024-10,31,8183.9
S003,P007,2024-11,26,6868.92
S003,P007,2024-12,33,8903.73
S003,P008,2024-01,27,10812.74
S003,P008,2024-02,36,13415.66
S003,P008,2024-03,30,12101.2
S003,P008,2024-04,35,12971.58
S003,P008,2024-05,26,10527.03
S003,P008,2024-06,30,11991.21
S003,P008,2024-07,30,11621.84
S003,P008,2024-08,31,12085.24
S003,P008,2024-09,25,9681.48
S003,P008,2024-10,27,10718.61
S003,P008,2024-11,22,8615.62
S003,P008,2024-12,31,12475.18
S003,P009,2024-01,15,7447.73
S003,P009,2024-02,24,12298.25
S003,P009,2024-03,14,6736.12
S003,P009,2024-04,14,6782.68
S003,P009,2024-05,17,8460.31
S003,P009,2024-06,12,6083.7
S003,P009,2024-07,22,10631.24
S003,P009,2024-08,5,2581.7
S003,P009,2024-09,17,8759.13
S003,P009,2024-10,17,8356.82
S003,P009,2024-11,15,7502.35
S003,P009,2024-12,17,8414.03
S003,P010,2024-01,15,57605.28
S003,P010,2024-02,5,18851.27
S003,P010,2024-03,5,18589.32
S003,P010,2024-04,5,19233.64
S003,P010,2024-05,14,51794.41
S003,P010,2024-06,5,19777.16
S003,P010,2024-07,10,37516.82
S003,P010,2024-08,5,19673.33
S003,P010,2024-09,11,40117.1
S003,P010,2024-10,11,41861.94
S003,P010,2024-11,5,18231.0
S003,P010,2024-12,7,27848.64
S004,P001,2024-01,34,10221.58
S004,P001,2024-02,25,7800.02
S004,P001,2024-03,32,9901.91
S004,P001,2024-04,37,11047.8
S004,P001,2024-05,33,9485.64
S004,P001,2024-06,25,7537.27
S004,P001,2024-07,29,8520.36
S004,P001,2024-08,23,7016.03
S004,P001,2024-09,16,4902.36
S004,P001,2024-10,20,6010.87
S004,P001,2024-11,27,8078.11
S004,P001,2024-12,28,7974.43
S004,P002,2024-01,17,20784.49
S004,P002,2024-02,18,22929.87
S004,P002,2024-03,20,24584.47
S004,P002,2024-04,26,32109.69
S004,P002,2024-05,19,24772.27
S004,P002,2024-06,22,28551.76
S004,P002,2024-07,23,28716.44
S004,P002,2024-08,14,18219.02
S004,P002,2024-09,23,28358.71
S004,P002,2024-10,9,11176.54
S004,P002,2024-11,12,14881.3
S004,P002,2024-12,25,31820.0
S004,P003,2024-01,16,26222.26
S004,P003,2024-02,18,31584.51
S004,P003,2024-03,13,21281.22
S004,P003,2024-04,25,42296.56
S004,P003,2024-05,19,32863.27
S004,P003,2024-06,7,11425.63
S004,P003,2024-07,11,18788.56
S004,P003,2024-08,19,32423.84
S004,P003,2024-09,11,18143.87
S004,P003,2024-10,14,24392.01
S004,P003,2024-11,20,32889.98
S004,P003,2024-12,8,13311.16
S004,P004,2024-01,5,43727.96
S004,P004,2024-02,10,90620.76
S004,P004,2024-03,8,69524.73
S004,P004,2024-04,5,41825.34
S004,P004,2024-05,8,71173.22
S004,P004,2024-06,5,43509.66
S004,P004,2024-07,5,44201.02
S004,P004,2024-08,5,42122.06
S004,P004,2024-09,9,80329.2
S004,P004,2024-10,5,43471.06
S004,P004,2024-11,11,100160.58
S004,P004,2024-12,9,77942.68
S004,P005,2024-01,26,15120.15
S004,P005,2024-02,30,17587.75
S004,P005,2024-03,33,19612.52
S004,P005,2024-04,37,20426.13
S004,P005,2024-05,33,19899.31
S004,P005,2024-06,39,22039.76
S004,P005,2024-07,31,17435.48
S004,P005,2024-08,19,10580.77
S004,P005,2024-09,31,18021.51
S004,P005,2024-10,29,17329.69
S004,P005,2024-11,34,18910.74
S004,P005,2024-12,24,13603.49
S004,P006,2024-01,11,29546.27
S004,P006,2024-02,14,36324.76
S004,P006,2024-03,10,26251.35
S004,P006,2024-04,15,39221.38
S004,P006,2024-05,5,12846.63
S004,P006,2024-06,12,30691.61
S004,P006,2024-07,11,28013.62
S004,P006,2024-08,5,13914.84
S004,P006,2024-09,8,21754.32
S004,P006,2024-10,8,22168.66
S004,P006,2024-11,16,43122.86
S004,P006,2024-12,5,13098.24
S004,P007,2024-01,42,11448.96
S004,P007,2024-02,34,9224.86
S004,P007,2024-03,34,8795.8
S004,P007,2024-04,43,11942.09
S004,P007,2024-05,31,8040.85
S004,P007,2024-06,29,7855.23
S004,P007,2024-07,31,8106.02
S004,P007,2024-08,27,7233.66
S004,P007,2024-09,22,5953.22
S004,P007,2024-10,29,7716.2
S004,P007,2024-11,23,5865.55
S004,P007,2024-12,37,9523.44
S004,P008,2024-01,31,12515.77
S004,P008,2024-02,27,10041.94
S004,P008,2024-03,26,9988.32
S004,P008,2024-04,29,11088.84
S004,P008,2024-05,23,9220.15
S004,P008,2024-06,29,10952.37
S004,P008,2024-07,21,8223.62
S004,P008,2024-08,25,9529.6
S004,P008,2024-09,18,6671.35
S004,P008,2024-10,19,7414.6
S004,P008,2024-11,30,11446.27
S004,P008,2024-12,28,11361.16
S004,P009,2024-01,21,10724.51
S004,P009,2024-02,18,8602.46
S004,P009,2024-03,25,11829.04
S004,P009,2024-04,17,8716.13
S004,P009,2024-05,19,9102.28
S004,P009,2024-06,11,5747.78
S004,P009,2024-07,15,7278.51
S004,P009,2024-08,7,3529.08
S004,P009,2024-09,10,5161.61
S004,P009,2024-10,15,7680.67
S004,P009,2024-11,19,9100.22
S004,P009,2024-12,18,8838.63
S004,P010,2024-01,8,29606.73
S004,P010,2024-02,5,18804.26
S004,P010,2024-03,5,19709.34
S004,P010,2024-04,5,18994.23
S004,P010,2024-05,5,18792.98
S004,P010,2024-06,5,18271.1
S004,P010,2024-07,5,19331.18
S004,P010,2024-08,10,39162.52
S004,P010,2024-09,5,19605.6
S004,P010,2024-10,5,18379.7
S004,P010,2024-11,5,19868.91
S004,P010,2024-12,7,27457.8
S005,P001,2024-01,21,6324.57
S005,P001,2024-02,33,10094.41
S005,P001,2024-03,21,6541.36
S005,P001,2024-04,30,8821.58
S005,P001,2024-05,20,5963.64
S005,P001,2024-06,28,8385.33
S005,P001,2024-07,26,7821.06
S005,P001,2024-08,13,3850.57
S005,P001,2024-09,16,4529.76
S005,P001,2024-10,11,3327.24
S005,P001,2024-11,13,3898.96
S005,P001,2024-12,21,5981.5
S005,P002,2024-01,25,32382.39
S005,P002,2024-02,19,23685.69
S005,P002,2024-03,22,28956.07
S005,P002,2024-04,20,26091.93
S005,P002,2024-05,16,20752.77
S005,P002,2024-06,15,19421.22
S005,P002,2024-07,12,15599.19
S005,P002,2024-08,8,9861.85
S005,P002,2024-09,20,25994.43
S005,P002,2024-10,17,21573.15
S005,P002,2024-11,13,16452.1
S005,P002,2024-12,18,22846.82
S005,P003,2024-01,14,24202.87
S005,P003,2024-02,16,25904.55
S005,P003,2024-03,10,16503.48
S005,P003,2024-04,21,36958.88
S005,P003,2024-05,20,32063.25
S005,P003,2024-06,8,13504.46
S005,P003,2024-07,9,14766.22
S005,P003,2024-08,18,29181.75
S005,P003,2024-09,15,25582.31
S005,P003,2024-10,17,28258.62
S005,P003,2024-11,9,15809.81
S005,P003,2024-12,21,36292.2
S005,P004,2024-01,5,45359.09
S005,P004,2024-02,5,45499.83
S005,P004,2024-03,8,72379.44
S005,P004,2024-04,5,44701.16
S005,P004,2024-05,5,42798.64
S005,P004,2024-06,5,44081.0
S005,P004,2024-07,11,101526.5
S005,P004,2024-08,5,41983.36
S005,P004,2024-09,5,44699.76
S005,P004,2024-10,5,41853.28
S005,P004,2024-11,5,43505.42
S005,P004,2024-12,5,43338.69
S005,P005,2024-01,29,17297.42
S005,P005,2024-02,33,18371.33
S005,P005,2024-03,40,22199.41
S005,P005,2024-04,39,21674.87
S005,P005,2024-05,34,20277.06
S005,P005,2024-06,29,16621.42
S005,P005,2024-07,18,10184.65
S005,P005,2024-08,24,14120.31
S005,P005,2024-09,27,16279.85
S005,P005,2024-10,17,9655.72
S005,P005,2024-11,24,13900.53
S005,P005,2024-12,37,22129.06
S005,P006,2024-01,12,30692.65
S005,P006,2024-02,5,13030.98
S005,P006,2024-03,13,35014.52
S005,P006,2024-04,5,13993.72
S005,P006,2024-05,6,16362.98
S005,P006,2024-06,5,13595.39
S005,P006,2024-07,15,39464.03
S005,P006,2024-08,10,27922.72
S005,P006,2024-09,11,28657.69
S005,P006,2024-10,13,35636.06
S005,P006,2024-11,11,28164.77
S005,P006,2024-12,5,14049.46
S005,P007,2024-01,40,10964.36
S005,P007,2024-02,30,8221.69
S005,P007,2024-03,43,11510.63
S005,P007,2024-04,40,10969.56
S005,P007,2024-05,38,10431.9
S005,P007,2024-06,27,7283.05
S005,P007,2024-07,25,6751.71
S005,P007,2024-08,21,5436.69
S005,P007,2024-09,31,8567.0
S005,P007,2024-10,20,5623.61
S005,P007,2024-11,33,9179.91
S005,P007,2024-12,32,8623.24
S005,P008,2024-01,26,10203.99
S005,P008,2024-02,36,14364.4
S005,P008,2024-03,26,10439.11
S005,P008,2024-04,31,12323.57
S005,P008,2024-05,21,8358.77
S005,P008,2024-06,31,11605.68
S005,P008,2024-07,22,8537.75
S005,P008,2024-08,27,10422.16
S005,P008,2024-09,19,7163.53
S005,P008,2024-10,17,6538.37
S005,P008,2024-11,19,7024.83
S005,P008,2024-12,26,10384.79
S005,P009,2024-01,12,6199.66
S005,P009,2024-02,10,4763.3
S005,P009,2024-03,14,7113.49
S005,P009,2024-04,15,7601.82
S005,P009,2024-05,20,9484.84
S005,P009,2024-06,20,9538.75
S005,P009,2024-07,17,8674.2
S005,P009,2024-08,7,3586.61
S005,P009,2024-09,18,8850.57
S005,P009,2024-10,5,2473.57
S005,P009,2024-11,6,2857.29
S005,P009,2024-12,20,10456.35
S005,P010,2024-01,11,40435.15
S005,P010,2024-02,5,19542.74
S005,P010,2024-03,5,19933.14
S005,P010,2024-04,5,19136.56
S005,P010,2024-05,6,22949.45
S005,P010,2024-06,5,18099.77
S005,P010,2024-07,11,42161.48
S005,P010,2024-08,7,26064.61
S005,P010,2024-09,6,23604.22
S005,P010,2024-10,5,19649.67
S005,P010,2024-11,5,18876.84
S005,P010,2024-12,5,18303.61
S006,P001,2024-01,18,5583.6
S006,P001,2024-02,21,6424.16
S006,P001,2024-03,29,8323.41
S006,P001,2024-04,21,6356.22
S006,P001,2024-05,27,7871.2
S006,P001,2024-06,21,6108.88
S006,P001,2024-07,24,7357.35
S006,P001,2024-08,24,7337.52
S006,P001,2024-09,21,6112.9
S006,P001,2024-10,13,3693.32
S006,P001,2024-11,19,5697.1
S006,P001,2024-12,14,4134.91
S006,P002,2024-01,25,31157.71
S006,P002,2024-02,23,30804.23
S006,P002,2024-03,19,24060.87
S006,P002,2024-04,19,23736.7
S006,P002,2024-05,20,26827.65
S006,P002,2024-06,17,21103.06
S006,P002,2024-07,10,12555.13
S006,P002,2024-08,17,21432.53
S006,P002,2024-09,7,9157.13
S006,P002,2024-10,14,18548.3
S006,P002,2024-11,8,10732.05
S006,P002,2024-12,19,24861.88
S006,P003,2024-01,12,20258.46
S006,P003,2024-02,22,36805.88
S006,P003,2024-03,13,21055.86
S006,P003,2024-04,17,29042.73
S006,P003,2024-05,23,38486.07
S006,P003,2024-06,17,27309.85
S006,P003,2024-07,16,26492.86
S006,P003,2024-08,5,8640.47
S006,P003,2024-09,10,17425.19
S006,P003,2024-10,7,12061.94
S006,P003,2024-11,12,19406.53
S006,P003,2024-12,10,17422.57
S006,P004,2024-01,5,44264.8
S006,P004,2024-02,5,41919.54
S006,P004,2024-03,10,86624.24
S006,P004,2024-04,6,52788.45
S006,P004,2024-05,5,43787.47
S006,P004,2024-06,6,54255.23
S006,P004,2024-07,5,42621.58
S006,P004,2024-08,6,54346.27
S006,P004,2024-09,5,43174.34
S006,P004,2024-10,9,82487.51
S006,P004,2024-11,5,43769.45
S006,P004,2024-12,5,43193.75
S006,P005,2024-01,25,15075.92
S006,P005,2024-02,27,15097.35
S006,P005,2024-03,39,22311.67
S006,P005,2024-04,37,20713.42
S006,P005,2024-05,27,16392.51
S006,P005,2024-06,25,14940.23
S006,P005,2024-07,31,18858.17
S006,P005,2024-08,18,10615.31
S006,P005,2024-09,16,9741.29
S006,P005,2024-10,25,14010.24
S006,P005,2024-11,22,12240.71
S006,P005,2024-12,19,11450.06
S006,P006,2024-01,5,14034.43
S006,P006,2024-02,10,27655.09
S006,P006,2024-03,5,13747.84
S006,P006,2024-04,5,13830.99
S006,P006,2024-05,5,13070.79
S006,P006,2024-06,11,28994.19
S006,P006,2024-07,5,12881.34
S006,P006,2024-08,5,13051.43
S006,P006,2024-09,7,19209.62
S006,P006,2024-10,9,24484.57
S006,P006,2024-11,5,13719.01
S006,P006,2024-12,14,39317.6
S006,P007,2024-01,28,7683.57
S006,P007,2024-02,27,7370.83
S006,P007,2024-03,33,8549.61
S006,P007,2024-04,26,7202.85
S006,P007,2024-05,40,10548.89
S006,P007,2024-06,33,8671.82
S006,P007,2024-07,22,6051.16
S006,P007,2024-08,20,5594.93
S006,P007,2024-09,22,6077.24
S006,P007,2024-10,29,7585.69
S006,P007,2024-11,31,7892.76
S006,P007,2024-12,20,5331.62
S006,P008,2024-01,21,8051.54
S006,P008,2024-02,20,8130.0
S006,P008,2024-03,23,8493.86
S006,P008,2024-04,33,13339.31
S006,P008,2024-05,34,13465.98
S006,P008,2024-06,15,5967.81
S006,P008,2024-07,15,6100.41
S006,P008,2024-08,19,7228.06
S006,P008,2024-09,22,8651.31
S006,P008,2024-10,18,7126.25
S006,P008,2024-11,20,7576.33
S006,P008,2024-12,13,5028.25
S006,P009,2024-01,16,7628.76
S006,P009,2024-02,20,10202.22
S006,P009,2024-03,10,5167.87
S006,P009,2024-04,19,9550.21
S006,P009,2024-05,19,9581.39
S006,P009,2024-06,18,9228.06
S006,P009,2024-07,7,3405.05
S006,P009,2024-08,6,2994.41
S006,P009,2024-09,6,2904.4
S006,P009,2024-10,7,3344.42
S006,P009,2024-11,8,4130.83
S006,P009,2024-12,19,9529.91
S006,P010,2024-01,12,43694.86
S006,P010,2024-02,12,46848.89
S006,P010,2024-03,8,29381.07
S006,P010,2024-04,5,19249.48
S006,P010,2024-05,10,38530.5
S006,P010,2024-06,8,29196.84
S006,P010,2024-07,9,35810.02
S006,P010,2024-08,5,19191.24
S006,P010,2024-09,5,18561.02
S006,P010,2024-10,5,18533.34
S006,P010,2024-11,8,30716.38
S006,P010,2024-12,5,18575.95
S007,P001,2024-01,32,9652.83
S007,P001,2024-02,51,14864.68
S007,P001,2024-03,49,14656.04
S007,P001,2024-04,35,10136.99
S007,P001,2024-05,48,13996.33
S007,P001,2024-06,34,10205.0
S007,P001,2024-07,36,10239.22
S007,P001,2024-08,31,8856.56
S007,P001,2024-09,29,8669.31
S007,P001,2024-10,31,9583.71
S007,P001,2024-11,36,10239.72
S007,P001,2024-12,43,12525.34
S007,P002,2024-01,36,47139.2
S007,P002,2024-02,40,52295.85
S007,P002,2024-03,43,53921.19
S007,P002,2024-04,38,50202.31
S007,P002,2024-05,38,46218.23
S007,P002,2024-06,35,42826.67
S007,P002,2024-07,20,24977.14
S007,P002,2024-08,17,21664.77
S007,P002,2024-09,18,23261.92
S007,P002,2024-10,17,20826.51
S007,P002,2024-11,31,40671.41
S007,P002,2024-12,34,44297.57
S007,P003,2024-01,29,49200.83
S007,P003,2024-02,24,41986.37
S007,P003,2024-03,33,53620.73
S007,P003,2024-04,25,43690.3
S007,P003,2024-05,36,63451.16
S007,P003,2024-06,24,40005.64
S007,P003,2024-07,16,25762.85
S007,P003,2024-08,17,27483.3
S007,P003,2024-09,26,43534.14
S007,P003,2024-10,19,33023.17
S007,P003,2024-11,16,26621.68
S007,P003,2024-12,23,37891.6
S007,P004,2024-01,11,94150.38
S007,P004,2024-02,5,45573.27
S007,P004,2024-03,15,126705.13
S007,P004,2024-04,15,130299.48
S007,P004,2024-05,5,43529.09
S007,P004,2024-06,5,42534.18
S007,P004,2024-07,5,41997.03
S007,P004,2024-08,12,101951.09
S007,P004,2024-09,9,78240.97
S007,P004,2024-10,12,101077.28
S007,P004,2024-11,5,42245.54
S007,P004,2024-12,7,60765.9
S007,P005,2024-01,51,29756.56
S007,P005,2024-02,43,24043.54
S007,P005,2024-03,54,32815.38
S007,P005,2024-04,58,33250.47
S007,P005,2024-05,50,30234.35
S007,P005,2024-06,41,22646.53
S007,P005,2024-07,45,26068.29
S007,P005,2024-08,41,22867.18
S007,P005,2024-09,33,19090.25
S007,P005,2024-10,30,17968.47
S007,P005,2024-11,49,28723.75
S007,P005,2024-12,34,19494.23
S007,P006,2024-01,11,30895.36
S007,P006,2024-02,21,56514.71
S007,P006,2024-03,20,55414.62
S007,P006,2024-04,11,28770.52
S007,P006,2024-05,9,24137.96
S007,P006,2024-06,10,28050.0
S007,P006,2024-07,7,18131.99
S007,P006,2024-08,16,42640.06
S007,P006,2024-09,14,36421.82
S007,P006,2024-10,7,19473.47
S007,P006,2024-11,14,38617.54
S007,P006,2024-12,13,34474.66
S007,P007,2024-01,43,11767.02
S007,P007,2024-02,67,18789.21
S007,P007,2024-03,62,16372.51
S007,P007,2024-04,57,14711.78
S007,P007,2024-05,56,14344.26
S007,P007,2024-06,49,13627.2
S007,P007,2024-07,35,9801.27
S007,P007,2024-08,45,12039.99
S007,P007,2024-09,47,12347.16
S007,P007,2024-10,44,11442.04
S007,P007,2024-11,54,14625.05
S007,P007,2024-12,49,13233.48
S007,P008,2024-01,52,20087.18
S007,P008,2024-02,53,21107.97
S007,P008,2024-03,53,20515.64
S007,P008,2024-04,44,17676.28
S007,P008,2024-05,37,14066.63
S007,P008,2024-06,49,19741.04
S007,P008,2024-07,41,16658.11
S007,P008,2024-08,33,12188.28
S007,P008,2024-09,36,13312.27
S007,P008,2024-10,36,13457.38
S007,P008,2024-11,42,16817.14
S007,P008,2024-12,33,12433.59
S007,P009,2024-01,32,16717.73
S007,P009,2024-02,27,13887.66
S007,P009,2024-03,25,11882.48
S007,P009,2024-04,23,11729.44
S007,P009,2024-05,25,12994.18
S007,P009,2024-06,21,10736.3
S007,P009,2024-07,12,5739.59
S007,P009,2024-08,12,5723.6
S007,P009,2024-09,23,10909.36
S007,P009,2024-10,17,8136.67
S007,P009,2024-11,25,12696.21
S007,P009,2024-12,14,6987.74
S007,P010,2024-01,9,32876.23
S007,P010,2024-02,15,58180.39
S007,P010,2024-03,5,19399.21
S007,P010,2024-04,17,62871.2
S007,P010,2024-05,10,37211.56
S007,P010,2024-06,9,35588.9
S007,P010,2024-07,5,19650.24
S007,P010,2024-08,13,51766.17
S007,P010,2024-09,5,18840.63
S007,P010,2024-10,14,55267.67
S007,P010,2024-11,14,52955.0
S007,P010,2024-12,7,25460.92
S008,P001,2024-01,37,10733.43
S008,P001,2024-02,44,13180.84
S008,P001,2024-03,43,13348.08
S008,P001,2024-04,41,12213.96
S008,P001,2024-05,30,9229.46
S008,P001,2024-06,31,9467.7
S008,P001,2024-07,37,10683.13
S008,P001,2024-08,19,5535.27
S008,P001,2024-09,24,7211.55
S008,P001,2024-10,24,6970.93
S008,P001,2024-11,35,10879.42
S008,P001,2024-12,37,10772.84
S008,P002,2024-01,33,42543.32
S008,P002,2024-02,25,31788.22
S008,P002,2024-03,38,50762.27
S008,P002,2024-04,22,28686.65
S008,P002,2024-05,21,28036.3
S008,P002,2024-06,22,26764.29
S008,P002,2024-07,21,27889.37
S008,P002,2024-08,22,28895.08
S008,P002,2024-09,27,36094.4
S008,P002,2024-10,16,21057.18
S008,P002,2024-11,25,30735.39
S008,P002,2024-12,24,30721.23
S008,P003,2024-01,30,48439.33
S008,P003,2024-02,20,33162.57
S008,P003,2024-03,26,42308.55
S008,P003,2024-04,20,34777.17
S008,P003,2024-05,25,43553.01
S008,P003,2024-06,18,29380.4
S008,P003,2024-07,23,36846.87
S008,P003,2024-08,17,28993.08
S008,P003,2024-09,20,35194.63
S008,P003,2024-10,20,34316.38
S008,P003,2024-11,13,20934.39
S008,P003,2024-12,24,38538.23
S008,P004,2024-01,7,61869.84
S008,P004,2024-02,8,66983.44
S008,P004,2024-03,6,54586.04
S008,P004,2024-04,12,104688.07
S008,P004,2024-05,13,112457.98
S008,P004,2024-06,5,41843.66
S008,P004,2024-07,5,41983.29
S008,P004,2024-08,5,43172.2
S008,P004,2024-09,11,94087.72
S008,P004,2024-10,8,67763.87
S008,P004,2024-11,7,60876.69
S008,P004,2024-12,5,42968.56
S008,P005,2024-01,36,20549.69
S008,P005,2024-02,45,25703.53
S008,P005,2024-03,54,31533.27
S008,P005,2024-04,50,30375.16
S008,P005,2024-05,41,23891.68
S008,P005,2024-06,35,20869.16
S008,P005,2024-07,33,18474.56
S008,P005,2024-08,36,20312.56
S008,P005,2024-09,35,20246.0
S008,P005,2024-10,34,18848.07
S008,P005,2024-11,39,22029.98
S008,P005,2024-12,35,20390.3
S008,P006,2024-01,18,49575.9
S008,P006,2024-02,16,41575.73
S008,P006,2024-03,16,44368.77
S008,P006,2024-04,9,23268.47
S008,P006,2024-05,12,33467.05
S008,P006,2024-06,16,41850.47
S008,P006,2024-07,7,18454.85
S008,P006,2024-08,10,27845.58
S008,P006,2024-09,5,13654.73
S008,P006,2024-10,6,16290.52
S008,P006,2024-11,8,21259.14
S008,P006,2024-12,5,13054.14
S008,P007,2024-01,44,12337.16
S008,P007,2024-02,57,15744.92
S008,P007,2024-03,54,14009.34
S008,P007,2024-04,46,11915.94
S008,P007,2024-05,52,14490.2
S008,P007,2024-06,35,9831.36
S008,P007,2024-07,40,10604.07
S008,P007,2024-08,36,9355.59
S008,P007,2024-09,43,11416.45
S008,P007,2024-10,44,11874.0
S008,P007,2024-11,38,10611.1
S008,P007,2024-12,38,10308.59
S008,P008,2024-01,36,14428.09
S008,P008,2024-02,46,18639.92
S008,P008,2024-03,37,15006.18
S008,P008,2024-04,38,14245.17
S008,P008,2024-05,46,17508.89
S008,P008,2024-06,39,15384.1
S008,P008,2024-07,33,13141.49
S008,P008,2024-08,31,11441.16
S008,P008,2024-09,25,9580.68
S008,P008,2024-10,35,13762.47
S008,P008,2024-11,33,12391.57
S008,P008,2024-12,42,15636.66
S008,P009,2024-01,21,10356.31
S008,P009,2024-02,27,12933.04
S008,P009,2024-03,22,11492.94
S008,P009,2024-04,14,6654.71
S008,P009,2024-05,13,6561.69
S008,P009,2024-06,26,13489.78
S008,P009,2024-07,18,8762.8
S008,P009,2024-08,20,9712.0
S008,P009,2024-09,17,8394.55
S008,P009,2024-10,9,4343.77
S008,P009,2024-11,14,6642.59
S008,P009,2024-12,21,9975.81
S008,P010,2024-01,5,18331.54
S008,P010,2024-02,10,39711.74
S008,P010,2024-03,12,45888.76
S008,P010,2024-04,13,50678.35
S008,P010,2024-05,13,49054.71
S008,P010,2024-06,9,35542.55
S008,P010,2024-07,5,19614.01
S008,P010,2024-08,5,18438.89
S008,P010,2024-09,7,26056.55
S008,P010,2024-10,12,44264.27
S008,P010,2024-11,5,18610.96
S008,P010,2024-12,5,18827.88
